Workbook

Sheet Mat truoc
A2: =$AS$16 -> SỞ KẾ HOẠCH VÀ ĐẦU TƯ T.NGHỆ AN | T2: =$AS$16 -> SỞ KẾ HOẠCH VÀ ĐẦU TƯ T.NGHỆ AN | AS2: 2 | AT2: =4*(AS2-1)+1 -> 5 | AU2: =AT2+1 -> 6 | AV2: =AU2+1 -> 7 | AW2: =AV2+1 -> 8 | AZ2: 1
A3: =$AS$17 -> CÔNG TY TNHH CÔNG NGHỆ CHÍNH XÁC LUXCASE (VIỆT NAM) | T3: =$AS$17 -> CÔNG TY TNHH CÔNG NGHỆ CHÍNH XÁC LUXCASE (VIỆT NAM) | AZ3: 2
AS4: Nhập dữ liệu vào 2 file data 1 và data2 , chia đều dữ liệu cho 2 data | AZ4: 3
U5: giáp lai | AS5: Mỗi lần in được 8 chứng chỉ. | AZ5: 4
E6: THẺ AN TOÀN ĐIỆN | X6: THẺ AN TOÀN ĐIỆN | AZ6: 5
B7: Ảnh 2x3 | U7: Ảnh 2x3 | AS7: Đơn vị đào tạo: | AZ7: 6
B8: đóng dấu | U8: đóng dấu | AS8: Công ty TNHH Tư vấn Thiết kế và Đào tạo HSE | AZ8: 7
B9: giáp lai | U9: giáp lai | AZ9: 8
AS10: Đơn vị được cấp thẻ (2 dòng)
AS11: Nhân viên | AZ11: 9
C12: Số: | G12: =INDEX(Data2!$B$2:$B$238,'Mat truoc'!$AT$2,0) -> 2025-027 | V12: Số: | Z12: =INDEX(Data1!$B$2:$B$183,'Mat truoc'!$AT$2,0) -> 2025-019 | AS12: CT TNHH Công nghệ chính xác Luxcase (VN) | AZ12: 10
AS13: Cơ quan chủ quản | AZ13: 11
AZ14: 12
A15: =$AS$16 -> SỞ KẾ HOẠCH VÀ ĐẦU TƯ T.NGHỆ AN | T15: =$AS$16 -> SỞ KẾ HOẠCH VÀ ĐẦU TƯ T.NGHỆ AN | AS15: Đơn vị được cấp thẻ (chý ý 2 dòng | AZ15: 13
A16: =$AS$17 -> CÔNG TY TNHH CÔNG NGHỆ CHÍNH XÁC LUXCASE (VIỆT NAM) | T16: =$AS$17 -> CÔNG TY TNHH CÔNG NGHỆ CHÍNH XÁC LUXCASE (VIỆT NAM) | AS16: SỞ KẾ HOẠCH VÀ ĐẦU TƯ T.NGHỆ AN | AZ16: 14
AS17: CÔNG TY TNHH CÔNG NGHỆ CHÍNH XÁC LUXCASE (VIỆT NAM) | AZ17: 15
AZ18: 16
E19: THẺ AN TOÀN ĐIỆN | X19: THẺ AN TOÀN ĐIỆN | AS19: Chú ý theo quy đinh in trên bìa vàng | AZ19: 17
B20: Ảnh 2x3 | U20: Ảnh 2x3 | AZ20: 18
B21: đóng dấu | U21: đóng dấu | AZ21: 19
B22: giáp lai | U22: giáp lai | AZ22: 20
C25: Số: | G25: =INDEX(Data2!$B$2:$B$238,'Mat truoc'!$AU$2,0) -> 2025-028 | V25: Số: | Z25: =INDEX(Data1!$B$2:$B$183,'Mat truoc'!$AU$2,0) -> 2025-020
A28: =$AS$16 -> SỞ KẾ HOẠCH VÀ ĐẦU TƯ T.NGHỆ AN | T28: =$AS$16 -> SỞ KẾ HOẠCH VÀ ĐẦU TƯ T.NGHỆ AN
A29: CÔNG TY TNHH CÔNG NGHỆ EVERWIN PRECISION (VIỆT NAM) | T29: =$AS$17 -> CÔNG TY TNHH CÔNG NGHỆ CHÍNH XÁC LUXCASE (VIỆT NAM)
E32: THẺ AN TOÀN ĐIỆN | X32: THẺ AN TOÀN ĐIỆN
B33: Ảnh 2x3 | U33: Ảnh 2x3
B34: đóng dấu | U34: đóng dấu
B35: giáp lai | U35: giáp lai
C38: Số: | G38: =INDEX(Data2!$B$2:$B$238,'Mat truoc'!$AV$2,0) -> 2025-029 | V38: Số: | Z38: =INDEX(Data1!$B$2:$B$183,'Mat truoc'!$AV$2,0) -> 2025-021
A41: =$AS$16 -> SỞ KẾ HOẠCH VÀ ĐẦU TƯ T.NGHỆ AN | T41: =$AS$16 -> SỞ KẾ HOẠCH VÀ ĐẦU TƯ T.NGHỆ AN
A42: =$AS$17 -> CÔNG TY TNHH CÔNG NGHỆ CHÍNH XÁC LUXCASE (VIỆT NAM) | T42: =$AS$17 -> CÔNG TY TNHH CÔNG NGHỆ CHÍNH XÁC LUXCASE (VIỆT NAM)
E45: THẺ AN TOÀN ĐIỆN | X45: THẺ AN TOÀN ĐIỆN
B46: Ảnh 2x3 | U46: Ảnh 2x3
B47: đóng dấu | U47: đóng dấu
B48: giáp lai | U48: giáp lai
C51: Số: | G51: =INDEX(Data2!$B$2:$B$238,'Mat truoc'!$AW$2,0) -> 2025-030 | V51: Số: | Z51: =INDEX(Data1!$B$2:$B$183,'Mat truoc'!$AW$2,0) -> 2025-022

Sheet Mat sau
A2: Họ tên: | E2: =INDEX(Data1!$C$2:$C$183,'Mat truoc'!$AT$2,0) -> NGUYỄN XUÂN CHÍNH | T2: Họ tên: | X2: =INDEX(Data2!$C$2:$C$238,'Mat truoc'!$AT$2,0) -> TRẦN VĂN HIẾU
A3: Năm Sinh: | F3: =INDEX(Data1!$H$2:$H$183,'Mat truoc'!$AT$2,0) -> 25/01/1998 | T3: Năm Sinh: | Y3: =INDEX(Data2!$H$2:$H$238,'Mat truoc'!$AT$2,0) -> 17/07/1991
A4: Chức vụ: | F4: Kỹ sư trợ lý cơ điện | T4: Chức vụ: | Y4: Kỹ sư trợ lý cơ điện
A5: ='Mat truoc'!$AS$12 -> CT TNHH Công nghệ chính xác Luxcase (VN) | T5: ='Mat truoc'!$AS$12 -> CT TNHH Công nghệ chính xác Luxcase (VN)
A6: Bậc an toàn: | H6: =INDEX(Data1!$K$2:$K$183,'Mat truoc'!$AT$2,0) -> 4/5 | T6: Bậc an toàn: | AA6: =INDEX(Data2!$K$2:$K$228,'Mat truoc'!$AT$2,0) -> 4/5
A7: Cấp | C7: =Data1!$L$2 -> ngày 25 tháng 06 năm 2025 | T7: Cấp | V7: =Data2!$L$2 -> ngày 25 tháng 06 năm 2025
I8: Người cấp thẻ | AB8: Người cấp thẻ
A14: Họ tên: | E14: =INDEX(Data1!$C$2:$C$193,'Mat truoc'!$AU$2,0) -> TRẦN VĂN PHÚC | T14: Họ tên: | X14: =INDEX(Data2!$C$2:$C$238,'Mat truoc'!$AU$2,0) -> NGUYỄN ĐÌNH CƯỜNG
A15: Năm Sinh: | F15: =INDEX(Data1!$H$2:$H$193,'Mat truoc'!$AU$2,0) -> 08/03/1996 | T15: Năm Sinh: | Y15: =INDEX(Data2!$H$2:$H$238,'Mat truoc'!$AU$2,0) -> 07/08/1996
A16: Bộ phận: | F16: Kỹ sư trợ lý cơ điện | T16: Bộ phận: | Y16: Kỹ sư trợ lý cơ điện
A17: ='Mat truoc'!$AS$12 -> CT TNHH Công nghệ chính xác Luxcase (VN) | T17: ='Mat truoc'!$AS$12 -> CT TNHH Công nghệ chính xác Luxcase (VN)
A18: Bậc an toàn: | H18: =INDEX(Data1!$K$2:$K$183,'Mat truoc'!$AU$2,0) -> 4/5 | T18: Bậc an toàn: | AA18: =INDEX(Data2!$K$2:$K$228,'Mat truoc'!$AU$2,0) -> 4/5
A19: Cấp | C19: =Data1!$L$2 -> ngày 25 tháng 06 năm 2025 | T19: Cấp | V19: =Data2!$L$2 -> ngày 25 tháng 06 năm 2025
I20: Người cấp thẻ | AB20: Người cấp thẻ
A26: Họ tên: | E26: =INDEX(Data1!$C$2:$C$193,'Mat truoc'!$AV$2,0) -> VÕ THẢO NHI | T26: Họ tên: | X26: =INDEX(Data2!$C$2:$C$238,'Mat truoc'!$AV$2,0) -> NGUYỄN TRUNG KIÊN
A27: Năm Sinh: | F27: =INDEX(Data1!$H$2:$H$193,'Mat truoc'!$AV$2,0) -> 15/02/2002 | T27: Năm Sinh: | Y27: =INDEX(Data2!$H$2:$H$238,'Mat truoc'!$AV$2,0) -> 08/12/2001
A28: Chức vụ: | F28: Kỹ sư trợ lý cơ điện | T28: Chức vụ: | Y28: Kỹ sư trợ lý cơ điện
A29: ='Mat truoc'!$AS$12 -> CT TNHH Công nghệ chính xác Luxcase (VN) | T29: ='Mat truoc'!$AS$12 -> CT TNHH Công nghệ chính xác Luxcase (VN)
A30: Bậc an toàn: | H30: =INDEX(Data1!$K$2:$K$183,'Mat truoc'!$AV$2,0) -> 4/5 | T30: Bậc an toàn: | AA30: =INDEX(Data2!$K$2:$K$228,'Mat truoc'!$AV$2,0) -> 4/5
A31: Cấp | C31: =Data1!$L$2 -> ngày 25 tháng 06 năm 2025 | T31: Cấp | V31: =Data2!$L$2 -> ngày 25 tháng 06 năm 2025
I32: Người cấp thẻ | AB32: Người cấp thẻ
A38: Họ tên: | E38: =INDEX(Data1!$C$2:$C$193,'Mat truoc'!$AW$2,0) -> NGUYỄN ĐÌNH TOẢN | T38: Họ tên: | X38: =INDEX(Data2!$C$2:$C$238,'Mat truoc'!$AW$2,0) -> ĐẬU VĂN NHÂN
A39: Năm Sinh: | F39: =INDEX(Data1!$H$2:$H$193,'Mat truoc'!$AW$2,0) -> 13/03/1993 | T39: Năm Sinh: | Y39: =INDEX(Data2!$H$2:$H$238,'Mat truoc'!$AW$2,0) -> 05/08/1989
A40: Chức vụ: | F40: Kỹ sư trợ lý cơ điện | T40: Chức vụ: | Y40: Kỹ sư trợ lý cơ điện
A41: ='Mat truoc'!$AS$12 -> CT TNHH Công nghệ chính xác Luxcase (VN) | T41: ='Mat truoc'!$AS$12 -> CT TNHH Công nghệ chính xác Luxcase (VN)
A42: Bậc an toàn: | H42: =INDEX(Data1!$K$2:$K$183,'Mat truoc'!$AW$2,0) -> 4/5 | T42: Bậc an toàn: | AA42: =INDEX(Data2!$K$2:$K$228,'Mat truoc'!$AW$2,0) -> 4/5
A43: Cấp | C43: =Data1!$L$2 -> ngày 25 tháng 06 năm 2025 | T43: Cấp | V43: =Data2!$L$2 -> ngày 25 tháng 06 năm 2025
I44: Người cấp thẻ | AB44: Người cấp thẻ

Sheet Data1
A1: Số | B1: Chứng chỉ | C1: Họ và tên | F1: Quốc tịch | G1: Số CMND | H1: Chức vụ | I1: Bắt đầu | J1: Kết thúc | K1: Bậc /5 | L1: Ngày cấp | P1: Giá trị đến | Q1: ABC
B2: 2025-015 | C2: WU XIAO WEI | E2: 20/05/1995 | H2: 12/09/1988 | I2: 29-31/05/2025 | K2: 4/5 | L2: ngày 25 tháng 06 năm 2025 | Q2: Nhóm 3 : An Toàn Điện
B3: 2025-016 | C3: MENG SHI KAO | E3: 21/10/1993 | H3: 04/09/1998 | I3: 29-31/05/2025 | K3: 4/5 | L3: ngày 25 tháng 06 năm 2025
B4: 2025-017 | C4: WU JIN | E4: 03/08/1993 | H4: 14/03/1993 | I4: 29-31/05/2025 | K4: 4/5 | L4: ngày 25 tháng 06 năm 2025
B5: 2025-018 | C5: PHẠM VĂN VINH | E5: 10/09/1988 | H5: 01/01/1993 | I5: 29-31/05/2025 | K5: 4/5 | L5: ngày 25 tháng 06 năm 2025
B6: 2025-019 | C6: NGUYỄN XUÂN CHÍNH | E6: 10/05/1992 | H6: 25/01/1998 | I6: 29-31/05/2025 | K6: 4/5 | L6: ngày 25 tháng 06 năm 2025
B7: 2025-020 | C7: TRẦN VĂN PHÚC | E7: 26/10/1992 | H7: 08/03/1996 | I7: 29-31/05/2025 | K7: 4/5 | L7: ngày 25 tháng 06 năm 2025
B8: 2025-021 | C8: VÕ THẢO NHI | H8: 15/02/2002 | I8: 29-31/05/2025 | K8: 4/5 | L8: ngày 25 tháng 06 năm 2025
B9: 2025-022 | C9: NGUYỄN ĐÌNH TOẢN | H9: 13/03/1993 | I9: 29-31/05/2025 | K9: 4/5 | L9: ngày 25 tháng 06 năm 2025

Sheet Data2
A1: Số | B1: Chứng chỉ | C1: Họ và tên | D1: Giới tính | E1: Ngày sinh | F1: Quốc tịch | G1: Số CMND | H1: Chức vụ | I1: Bắt đầu | J1: Kết thúc | K1: Bậc /5 | L1: Ngày cấp | P1: Giá trị đến | Q1: ABC
B2: 2025-023 | C2: LÊ VĂN NAM | E2: 09/01/2001 | H2: 23/07/2001 | I2: 29-31/05/2025 | K2: 4/5 | L2: ngày 25 tháng 06 năm 2025 | Q2: Nhóm 3 : An Toàn Điện
B3: 2025-024 | C3: PHAN TRỌNG KHÁNH | E3: 12/01/1994 | H3: 01/02/1996 | I3: 29-31/05/2025 | K3: 4/5 | L3: ngày 25 tháng 06 năm 2025
B4: 2025-025 | C4: HỒ VĂN NGHĨA | E4: 17/03/1993 | H4: 04/01/1997 | I4: 29-31/05/2025 | K4: 4/5 | L4: ngày 25 tháng 06 năm 2025
B5: 2025-026 | C5: PHẠM NGỌC SƠN | E5: 19/03/1995 | H5: 02/01/1996 | I5: 29-31/05/2025 | K5: 4/5 | L5: ngày 25 tháng 06 năm 2025
B6: 2025-027 | C6: TRẦN VĂN HIẾU | E6: 25/10/1996 | H6: 17/07/1991 | I6: 29-31/05/2025 | K6: 4/5 | L6: ngày 25 tháng 06 năm 2025
B7: 2025-028 | C7: NGUYỄN ĐÌNH CƯỜNG | E7: 13/06/1996 | H7: 07/08/1996 | I7: 29-31/05/2025 | K7: 4/5 | L7: ngày 25 tháng 06 năm 2025
B8: 2025-029 | C8: NGUYỄN TRUNG KIÊN | H8: 08/12/2001 | I8: 29-31/05/2025 | K8: 4/5 | L8: ngày 25 tháng 06 năm 2025
B9: 2025-030 | C9: ĐẬU VĂN NHÂN | H9: 05/08/1989 | I9: 29-31/05/2025 | K9: 4/5 | L9: ngày 25 tháng 06 năm 2025

Sheet Sheet2

Sheet Sheet3
